{"mean": {"hours": 11.825797872340425, "weekday": 4.13563829787234, "year": 2022.8781028368794, "day_of_year": 185.69060283687944, "month": 6.608156028368795, "category_Clothing": 0.015070921985815602, "category_Coffe": 0.2854609929078014, "category_Communal": 0.007535460992907801, "category_Events": 0.012411347517730497, "category_Film/enjoyment": 0.0017730496453900709, "category_Fuel": 0.0008865248226950354, "category_Health": 0.01374113475177305, "category_Learning": 0.01950354609929078, "category_Market": 0.2774822695035461, "category_Motel": 0.0004432624113475177, "category_Other": 0.024379432624113476, "category_Phone": 0.03324468085106383, "category_Rent Car": 0.0004432624113475177, "category_Restuarant": 0.11436170212765957, "category_Sport": 0.008421985815602837, "category_Taxi": 0.04920212765957447, "category_Tech": 0.002216312056737589, "category_Transport": 0.04476950354609929, "category_Travel": 0.0026595744680851063, "category_joy": 0.004875886524822695}, "std": {"hours": 4.723697796311482, "weekday": 1.9973923888772067, "year": 0.6482034801864869, "day_of_year": 109.91030013485536, "month": 3.6070643872889074, "category_Clothing": 0.12186210201688792, "category_Coffe": 0.45173384653004683, "category_Communal": 0.08649852199529505, "category_Events": 0.1107372637504124, "category_Film/enjoyment": 0.04207957724393311, "category_Fuel": 0.029767964077198485, "category_Health": 0.11644022442318999, "category_Learning": 0.13831716496838667, "category_Market": 0.44785574337003375, "category_Motel": 0.021053798026662976, "category_Other": 0.15425830154171222, "category_Phone": 0.17931459668322458, "category_Rent Car": 0.021053798026662976, "category_Restuarant": 0.3183206215685234, "category_Sport": 0.0914043725501554, "category_Taxi": 0.21633775415147155, "category_Tech": 0.04703595096095141, "category_Transport": 0.20684332164257757, "category_Travel": 0.05151385645804692, "category_joy": 0.06967254816763627}}